{
  "sgc": false,
  "sfy": false,
  "qfy": false,
  "lrc": {
    "version": 4,
    "lyric": "[00:00.000] 作词 : 陶旧\n[00:01.000] 作曲 : 楚明玉\n[00:02.000] 编曲 : 曾吴秋杰\n[00:03.000] 制作人 : 曾吴秋杰\n[00:17.71]出品：云上×深声文化\n[00:32.46]电话我查询过了没欠费\n[00:39.96]讯息随时听着网络畅通\n[00:47.46]音量的开关我反复确认几遍\n[00:54.45]是极致的忘我的期待\n[01:01.19]八个字的留言在对话栏\n[01:04.95]我点了清除又写好几遍\n[01:08.70]置顶和你标记未读的聊天\n[01:11.71]以为所有声响都是你的出现\n[01:15.95]要不你还是把我删了吧\n[01:18.95]我咬紧牙关命令我发出这句话\n[01:22.45]天黑之前再讲一句晚安吧 就这样吧\n[01:27.46]往后的日子别来无恙啊\n[01:30.94]多想此刻你也很遗憾吧\n[01:33.70]我们的故事画上句点到此为止啦\n[01:37.20]聊天与合照彼此别再收藏了\n[01:40.70]所以再见亲爱的你呀\n[01:57.45]八个字的留言在对话栏\n[02:00.45]我点了清除又写好几遍\n[02:04.20]置顶和你标记未读的聊天\n[02:07.45]以为所有声响都是你的出现\n[02:11.21]要不你还是把我删了吧\n[02:14.20]我咬紧牙关命令我发出这句话\n[02:17.96]天黑之前再讲一句晚安吧 就这样吧\n[02:22.95]往后的日子别来无恙啊\n[02:26.20]多想此刻你也很遗憾吧\n[02:29.45]我们的故事画上句点到此为止啦\n[02:32.70]聊天与合照彼此别再收藏了\n[02:36.20]所以再见亲爱的你呀\n[02:40.70]要不你还是把我删了吧\n[02:44.20]我咬紧牙关命令我发出这句话\n[02:47.21]天黑之前再讲一句晚安吧 就这样吧\n[02:52.45]往后的日子别来无恙啊\n[02:55.45]多想此刻你也很遗憾吧\n[02:58.46]我们的故事画上句点到此为止啦\n[03:02.20]聊天与合照彼此别再收藏了\n[03:05.71]所以再见亲爱的你呀\n[03:07.280] 吉他 : 邵钜富\n[03:09.489] 混音 : 周星宇\n[03:11.698] 和声 : 李坚瑜\n[03:13.907] 企划 : 何泽镔\n[03:16.116] 营销 : 余祖意/张程皓/张一乔\n[03:18.325] 统筹 : 尹文/王溯\n[03:20.534] 本歌曲来自〖云上工作室〗\n[03:22.743] 10亿现金激励，千亿流量扶持！\n[03:24.952] 业务联系：yunmusic_2013@163.com\n"
  },
  "klyric": { "version": 0, "lyric": "" },
  "tlyric": { "version": 0, "lyric": "" },
  "romalrc": { "version": 0, "lyric": "" },
  "code": 200
}
